year,name,firstname,lastname,position,weight
2015,Ameer Abdullah,Ameer,Abdullah,RB,205
2015,Nelson Agholor,Nelson,Agholor,WR,198
2015,Jay Ajayi,Jay,Ajayi,RB,221
2015,Kwon Alexander,Kwon,Alexander,OLB,227
2015,Mario Alford,Mario,Alford,WR,180
2015,Javorius Allen,Javorius,Allen,RB,221
2015,Adrian Amos,Adrian,Amos,FS,218
2015,Dres Anderson,Dres,Anderson,WR,187
2015,Henry Anderson,Henry,Anderson,DE,294
2015,Rory 'Busta' Anderson,Rory 'Busta',Anderson,TE,244
2015,Stephone Anthony,Stephone,Anthony,ILB,243
2015,Arik Armstead,Arik,Armstead,DT,292
2015,Cameron Artis-Payne,Cameron,Artis-Payne,RB,212
2015,Neiron Ball,Neiron,Ball,OLB,236
2015,Tavaris Barnes,Tavaris,Barnes,DE,282
2015,Wil Baumann,Wil,Baumann,P,187
2015,Vic Beasley,Vic,Beasley,OLB,246
2015,Blake Bell,Blake,Bell,TE,252
2015,Kenny Bell,Kenny,Bell,WR,197
2015,Bryan Bennett,Bryan,Bennett,QB,211
2015,Michael Bennett,Michael,Bennett,DT,293
2015,E.J. Bibbs,E.J.,Bibbs,TE,258
2015,Angelo Blackson,Angelo,Blackson,DT,318
2015,Al Bond,Al,Bond,OG,303
2015,Detrick Bonner,Detrick,Bonner,FS,207
2015,Anthony Boone,Anthony,Boone,QB,231
2015,Brett Boyko,Brett,Boyko,OT,301
2015,Nick Boyle,Nick,Boyle,TE,268
2015,Brandon Bridge,Brandon,Bridge,QB,229
2015,Kyle Brindza,Kyle,Brindza,K,236
2015,Da'Ron Brown,Da'Ron,Brown,WR,205
2015,Dominique Brown,Dominique,Brown,RB,234
2015,Jamon Brown,Jamon,Brown,OT,323
2015,Malcolm Brown,Malcolm,Brown,RB,224
2015,Malcom Brown,Malcom,Brown,DT,319
2015,Trenton Brown,Trenton,Brown,OG,355
2015,Michael Burton,Michael,Burton,FB,242
2015,Ibraheim Campbell,Ibraheim,Campbell,SS,208
2015,A.J. Cann,A.J.,Cann,OG,313
2015,Shane Carden,Shane,Carden,QB,218
2015,Joe Cardona,Joe,Cardona,LS,242
2015,Alex Carter,Alex,Carter,CB,196
2015,B.J. Catalon,B.J.,Catalon,RB,186
2015,Donald Celiscar,Donald,Celiscar,CB,194
2015,Anthony Chickillo,Anthony,Chickillo,DE,267
2015,Gerald Christian,Gerald,Christian,TE,244
2015,Kyle Christy,Kyle,Christy,P,202
2015,Frank Clark,Frank,Clark,DE,271
2015,Kaelin Clay,Kaelin,Clay,WR,195
2015,Cameron Clear,Cameron,Clear,TE,277
2015,T.J. Clemmings,T.J.,Clemmings,OT,309
2015,Sammie Coates,Sammie,Coates,WR,212
2015,David Cobb,David,Cobb,RB,229
2015,Takoby Cofield,Takoby,Cofield,OT,310
2015,Justin Coleman,Justin,Coleman,CB,185
2015,Tevin Coleman,Tevin,Coleman,RB,206
2015,Jalen Collins,Jalen,Collins,CB,203
2015,La'el Collins,La'el,Collins,OT,305
2015,Landon Collins,Landon,Collins,SS,228
2015,Chris Conley,Chris,Conley,WR,213
2015,Amari Cooper,Amari,Cooper,WR,211
2015,Xavier Cooper,Xavier,Cooper,DT,293
2015,Christian Covington,Christian,Covington,DT,289
2015,Justin Cox,Justin,Cox,FS,191
2015,Corey Crawford,Corey,Crawford,DE,283
2015,Rob Crisp,Rob,Crisp,OT,301
2015,John Crockett,John,Crockett,RB,217
2015,Jamison Crowder,Jamison,Crowder,WR,185
2015,Yannik Cudjoe-Virgil,Yannik,Cudjoe-Virgil,OLB,248
2015,Davaris Daniels,Davaris,Daniels,WR,201
2015,Ronald Darby,Ronald,Darby,CB,193
2015,Aaron Davis,Aaron,Davis,OLB,225
2015,Carl Davis,Carl,Davis,DT,320
2015,Devante Davis,Devante,Davis,WR,220
2015,Geremy Davis,Geremy,Davis,WR,216
2015,Mike Davis,Mike,Davis,RB,217
2015,Titus Davis,Titus,Davis,WR,196
2015,Tyeler Davison,Tyeler,Davison,DT,316
2015,Paul Dawson,Paul,Dawson,ILB,235
2015,Ryan Delaire,Ryan,Delaire,DE,254
2015,Trey DePriest,Trey,DePriest,ILB,254
2015,A.J. Derby,A.J.,Derby,TE,255
2015,Xzavier Dickson,Xzavier,Dickson,OLB,260
2015,Quandre Diggs,Quandre,Diggs,CB,196
2015,Stefon Diggs,Stefon,Diggs,WR,195
2015,Reese Dismukes,Reese,Dismukes,C,296
2015,Andrew Donnal,Andrew,Donnal,OT,313
2015,Phillip Dorsett,Phillip,Dorsett,WR,185
2015,Lorenzo Doss,Lorenzo,Doss,CB,182
2015,Jamil Douglas,Jamil,Douglas,OG,304
2015,Kurtis Drummond,Kurtis,Drummond,FS,208
2015,B.J. Dubose,B.J.,Dubose,OLB,284
2015,Bud Dupree,Bud,Dupree,OLB,269
2015,Michael Dyer,Michael,Dyer,RB,218
2015,Jahwan Edwards,Jahwan,Edwards,RB,220
2015,Ifo Ekpre-Olomu,Ifo,Ekpre-Olomu,CB,192
2015,Kyle Emanuel,Kyle,Emanuel,OLB,255
2015,Cameron Erving,Cameron,Erving,C,313
2015,Durell Eskridge,Durell,Eskridge,FS,208
2015,Tayo Fabuluje,Tayo,Fabuluje,OG,353
2015,Cody Fajardo,Cody,Fajardo,QB,223
2015,Jon Feliciano,Jon,Feliciano,OG,323
2015,Sam Ficken,Sam,Ficken,K,191
2015,B.J. Finney,B.J.,Finney,C,318
2015,Jake Fisher,Jake,Fisher,OT,306
2015,Ereck Flowers,Ereck,Flowers,OT,329
2015,Trey Flowers,Trey,Flowers,DE,266
2015,Jalston Fowler,Jalston,Fowler,FB,254
2015,Alani Fua,Alani,Fua,OLB,238
2015,Devin Funchess,Devin,Funchess,WR,232
2015,Charles Gaines,Charles,Gaines,CB,180
2015,Andy Gallik,Andy,Gallik,C,306
2015,Max Garcia,Max,Garcia,C,309
2015,Clayton Geathers,Clayton,Geathers,SS,218
2015,Laurence Gibson,Laurence,Gibson,OT,305
2015,Jacoby Glenn,Jacoby,Glenn,CB,179
2015,Mark Glowinski,Mark,Glowinski,OG,307
2015,Markus Golden,Markus,Golden,DE,260
2015,Eddie Goldman,Eddie,Goldman,DT,336
2015,Senquez Golson,Senquez,Golson,CB,176
2015,Antwan Goodley,Antwan,Goodley,WR,209
2015,Melvin Gordon,Melvin,Gordon,RB,215
2015,Doran Grant,Doran,Grant,CB,200
2015,Hroniss Grasu,Hroniss,Grasu,C,297
2015,Garrett Grayson,Garrett,Grayson,QB,213
2015,Chaz Green,Chaz,Green,OT,314
2015,Dorial Green-Beckham,Dorial,Green-Beckham,WR,237
2015,Rashad Greene,Rashad,Greene,WR,182
2015,Randy Gregory,Randy,Gregory,OLB,235
2015,Geneo Grissom,Geneo,Grissom,DE,262
2015,Ladarius Gunter,Ladarius,Gunter,CB,202
2015,Todd Gurley,Todd,Gurley,RB,222
2015,Obum Gwacham,Obum,Gwacham,DE,246
2015,Chris Hackett,Chris,Hackett,FS,195
2015,Bryce Hager,Bryce,Hager,ILB,234
2015,Rannell Hall,Rannell,Hall,WR,198
2015,Connor Halliday,Connor,Halliday,QB,196
2015,Chad Hamilton,Chad,Hamilton,C,292
2015,Marcus Hardison,Marcus,Hardison,DE,307
2015,Justin Hardy,Justin,Hardy,WR,192
2015,Eli Harold,Eli,Harold,OLB,247
2015,Josh Harper,Josh,Harper,WR,191
2015,Anthony Harris,Anthony,Harris,SS,183
2015,Jarvis Harrison,Jarvis,Harrison,OG,330
2015,Bobby Hart,Bobby,Hart,OG,329
2015,Dee Hart,Dee,Hart,RB,199
2015,Rob Havenstein,Rob,Havenstein,OT,321
2015,Braylon Heard,Braylon,Heard,RB,198
2015,Ben Heeney,Ben,Heeney,ILB,231
2015,Amarlo Herrera,Amarlo,Herrera,ILB,244
2015,Jeff Heuerman,Jeff,Heuerman,TE,254
2015,Sean Hickey,Sean,Hickey,OT,309
2015,Jordan Hicks,Jordan,Hicks,OLB,236
2015,Troy Hill,Troy,Hill,CB,182
2015,Kenny Hilliard,Kenny,Hilliard,RB,226
2015,Zack Hodges,Zack,Hodges,OLB,250
2015,Gerod Holliman,Gerod,Holliman,FS,218
2015,Mike Hull,Mike,Hull,OLB,237
2015,D.J. Humphries,D.J.,Humphries,OT,307
2015,Brett Hundley,Brett,Hundley,QB,226
2015,Danielle Hunter,Danielle,Hunter,DE,252
2015,Martin Ifedi,Martin,Ifedi,DE,275
2015,Joey Iosefa,Joey,Iosefa,RB,247
2015,Tre' Jackson,Tre',Jackson,OG,330
2015,Jesse James,Jesse,James,TE,261
2015,Grady Jarrett,Grady,Jarrett,NT,304
2015,Kyshoen Jarrett,Kyshoen,Jarrett,SS,200
2015,Anthony Jefferson,Anthony,Jefferson,CB,198
2015,David Johnson,David,Johnson,RB,224
2015,Duke Johnson,Duke,Johnson,RB,207
2015,Gus Johnson,Gus,Johnson,RB,215
2015,Kevin Johnson,Kevin,Johnson,CB,188
2015,Will Johnson,Will,Johnson,P,206
2015,Byron Jones,Byron,Jones,CB,199
2015,Christion Jones,Christion,Jones,WR,182
2015,Matt Jones,Matt,Jones,RB,231
2015,Taiwan Jones,Taiwan,Jones,ILB,245
2015,Eric Kendricks,Eric,Kendricks,ILB,232
2015,Hau'oli Kikaha,Hau'oli,Kikaha,OLB,253
2015,Arie Kouandjio,Arie,Kouandjio,OG,310
2015,Ben Koyack,Ben,Koyack,TE,255
2015,Tyler Kroft,Tyler,Kroft,TE,246
2015,Josh Lambo,Josh,Lambo,K,216
2015,Jeremy Langford,Jeremy,Langford,RB,208
2015,Dezmin Lewis,Dezmin,Lewis,WR,214
2015,Tony Lippett,Tony,Lippett,WR,192
2015,Tyler Lockett,Tyler,Lockett,WR,182
2015,Deon Long,Deon,Long,WR,192
2015,Kyle Loomis,Kyle,Loomis,P,221
2015,Derrick Lott,Derrick,Lott,DT,314
2015,Jerry Lovelocke,Jerry,Lovelocke,QB,248
2015,Donatella Luckett,Donatella,Luckett,WR,211
2015,Terrence Magee,Terrence,Magee,RB,213
2015,Craig Mager,Craig,Mager,CB,201
2015,Greg Mancz,Greg,Mancz,C,301
2015,Sean Mannion,Sean,Mannion,QB,229
2015,Justin Manton,Justin,Manton,K,196
2015,Marcus Mariota,Marcus,Mariota,QB,222
2015,Dean Marlowe,Dean,Marlowe,FS,203
2015,Ali Marpet,Ali,Marpet,C,307
2015,Nick Marshall,Nick,Marshall,QB,207
2015,Josue Matias,Josue,Matias,OG,309
2015,Lorenzo Mauldin,Lorenzo,Mauldin,OLB,259
2015,Vince Mayle,Vince,Mayle,WR,224
2015,Joey Mbu,Joey,Mbu,DT,313
2015,Tre McBride,Tre,McBride,WR,210
2015,Bobby McCain,Bobby,McCain,CB,195
2015,Ellis McCarthy,Ellis,McCarthy,DT,338
2015,Tevin McDonald,Tevin,McDonald,FS,195
2015,Benardrick McKinney,Benardrick,McKinney,ILB,246
2015,Darrian Miller,Darrian,Miller,OG,307
2015,John Miller,John,Miller,OG,303
2015,Ty Montgomery,Ty,Montgomery,WR,221
2015,Mitch Morse,Mitch,Morse,OG,305
2015,Keith Mumphery,Keith,Mumphery,WR,215
2015,Marcus Murphy,Marcus,Murphy,RB,193
2015,Robert Myers,Robert,Myers,OG,326
2015,J.J. Nelson,J.J.,Nelson,WR,156
2015,Steven Nelson,Steven,Nelson,CB,197
2015,Rakeem Nunez-Roches,Rakeem,Nunez-Roches,DT,307
2015,Mark Nzeocha,Mark,Nzeocha,OLB,232
2015,Nick O'Leary,Nick,O'Leary,TE,252
2015,Owamagbe Odighizuwa,Owamagbe,Odighizuwa,DE,267
2015,Cedric Ogbuehi,Cedric,Ogbuehi,OT,306
2015,Nate Orchard,Nate,Orchard,DE,250
2015,Leon Orr,Leon,Orr,DT,323
2015,Trevor Pardula,Trevor,Pardula,P,227
2015,DeVante Parker,DeVante,Parker,WR,209
2015,David Parry,David,Parry,NT,308
2015,Andrus Peat,Andrus,Peat,OT,313
2015,Breshad Perriman,Breshad,Perriman,WR,212
2015,Denzel Perryman,Denzel,Perryman,ILB,236
2015,Garry Peters,Garry,Peters,CB,191
2015,Marcus Peters,Marcus,Peters,CB,197
2015,Bryce Petty,Bryce,Petty,QB,230
2015,Jordan Phillips,Jordan,Phillips,NT,329
2015,Darius Philon,Darius,Philon,DT,298
2015,Bradley Pinion,Bradley,Pinion,P,229
2015,Terry Poole,Terry,Poole,OG,307
2015,Jeremiah Poutasi,Jeremiah,Poutasi,OG,335
2015,Cody Prewitt,Cody,Prewitt,FS,208
2015,MyCole Pruitt,MyCole,Pruitt,TE,251
2015,Hayes Pullard,Hayes,Pullard,ILB,240
2015,Damarious Randall,Damarious,Randall,FS,196
2015,Thomas Rawls,Thomas,Rawls,RB,215
2015,Shane Ray,Shane,Ray,DE,245
2015,Cedric Reed,Cedric,Reed,DE,269
2015,Jordan Richards,Jordan,Richards,SS,211
2015,Bobby Richardson,Bobby,Richardson,DT,283
2015,Jared Roberts,Jared,Roberts,K,210
2015,Corey Robinson,Corey,Robinson,OT,324
2015,Edmond Robinson,Edmond,Robinson,OLB,245
2015,Josh Robinson,Josh,Robinson,RB,217
2015,Quinten Rollins,Quinten,Rollins,CB,195
2015,Spencer Roth,Spencer,Roth,P,227
2015,Eric Rowe,Eric,Rowe,FS,205
2015,Ezell Ruffin,Ezell,Ruffin,WR,218
2015,Ryan Russell,Ryan,Russell,DE,269
2015,Jake Ryan,Jake,Ryan,OLB,240
2015,Ty Sambrailo,Ty,Sambrailo,OT,311
2015,James Sample,James,Sample,SS,209
2015,Wes Saxton,Wes,Saxton,TE,248
2015,Brandon Scherff,Brandon,Scherff,OG,319
2015,Ross Scheuerman,Ross,Scheuerman,RB,204
2015,Josh Shaw,Josh,Shaw,CB,201
2015,Adam Shead,Adam,Shead,OG,338
2015,Danny Shelton,Danny,Shelton,NT,339
2015,Austin Shepherd,Austin,Shepherd,OT,315
2015,JaCorey Shepherd,JaCorey,Shepherd,CB,199
2015,Jean Sifrin,Jean,Sifrin,TE,245
2015,Deon Simon,Deon,Simon,NT,321
2015,Blake Sims,Blake,Sims,QB,218
2015,DeAndre Smelter,DeAndre,Smelter,WR,226
2015,D'Joun Smith,D'Joun,Smith,CB,187
2015,Derron Smith,Derron,Smith,FS,200
2015,Devin Smith,Devin,Smith,WR,196
2015,Donovan Smith,Donovan,Smith,OG,338
2015,Preston Smith,Preston,Smith,DE,271
2015,Tye Smith,Tye,Smith,CB,195
2015,Za'Darius Smith,Za'Darius,Smith,DE,274
2015,Martrell Spaight,Martrell,Spaight,OLB,236
2015,Jaelen Strong,Jaelen,Strong,WR,217
2015,J.T. Surratt,J.T.,Surratt,DT,304
2015,Damian Swann,Damian,Swann,CB,189
2015,Jaquiski Tartt,Jaquiski,Tartt,SS,221
2015,J.R. Tavai,J.R.,Tavai,OLB,249
2015,Randall Telfer,Randall,Telfer,TE,250
2015,Shaq Thompson,Shaq,Thompson,OLB,228
2015,Tyrus Thompson,Tyrus,Thompson,OT,324
2015,Eric Tomlinson,Eric,Tomlinson,TE,263
2015,Laken Tomlinson,Laken,Tomlinson,OG,323
2015,Lynden Trail,Lynden,Trail,DE,269
2015,Louis Trinca-Pasat,Louis,Trinca-Pasat,DT,290
2015,Davis Tull,Davis,Tull,OLB,246
2015,Max Valles,Max,Valles,OLB,251
2015,Tyler Varga,Tyler,Varga,FB,222
2015,Zack Wagenmann,Zack,Wagenmann,DE,247
2015,Clive Walford,Clive,Walford,TE,251
2015,Darren Waller,Darren,Waller,WR,238
2015,Leterrius Walton,Leterrius,Walton,DT,319
2015,Tony Washington,Tony,Washington,OLB,247
2015,Trae Waynes,Trae,Waynes,CB,186
2015,DeAndrew White,DeAndrew,White,WR,193
2015,Kevin White,Kevin,White,WR,215
2015,Kevin White,Kevin,White,CB,183
2015,Jermaine Whitehead,Jermaine,Whitehead,FS,197
2015,Daryl Williams,Daryl,Williams,OT,327
2015,Karlos Williams,Karlos,Williams,RB,230
2015,Leonard Williams,Leonard,Williams,DE,302
2015,Maxx Williams,Maxx,Williams,TE,249
2015,P.J. Williams,P.J.,Williams,CB,194
2015,Trey Williams,Trey,Williams,RB,195
2015,Damien Wilson,Damien,Wilson,ILB,245
2015,Julian Wilson,Julian,Wilson,CB,205
2015,Ramik Wilson,Ramik,Wilson,ILB,237
2015,Jameis Winston,Jameis,Winston,QB,231
2015,Cam Worthy,Cam,Worthy,WR,211
2015,Gabe Wright,Gabe,Wright,DT,300
2015,T.J. Yeldon,T.J.,Yeldon,RB,226
2015,Zach Zenner,Zach,Zenner,RB,223
1999,Rahim Abdullah,Rahim,Abdullah,OLB,244
1999,Ben Adams,Ben,Adams,OG,324
1999,Phillip Armour,Phillip,Armour,OC,318
1999,Brendon Ayanbadejo,Brendon,Ayanbadejo,OLB,234
1999,Jerry Azumah,Jerry,Azumah,RB,195
1999,Champ Bailey,Champ,Bailey,CB,184
1999,Karsten Bailey,Karsten,Bailey,WR,205
1999,Eugene Baker,Eugene,Baker,WR,167
1999,Todd Bandhaur,Todd,Bandhaur,QB,236
1999,Lionel Barnes,Lionel,Barnes,DE,264
1999,Marlon Barnes,Marlon,Barnes,RB,211
1999,Eric Barton,Eric,Barton,ILB,247
1999,Michael Basnight,Michael,Basnight,RB,241
1999,DWayne Bates,DWayne,Bates,WR,215
1999,Albrey Battle,Albrey,Battle,DT,294
1999,Tim Beauchamp,Tim,Beauchamp,DE,270
1999,Michael Bishop,Michael,Bishop,QB,205
1999,Octavious Bishop,Octavious,Bishop,OT,354
1999,Dre Bly,Dre,Bly,CB,186
1999,David Boston,David,Boston,WR,215
1999,David Bowens,David,Bowens,DE,255
1999,Melvin Bradley,Melvin,Bradley,DE,269
1999,Ronnie Bradley,Ronnie,Bradley,RB,221
1999,Jason Bray,Jason,Bray,CB,185
1999,Aaron Brooks,Aaron,Brooks,QB,203
1999,Kevin Brooks,Kevin,Brooks,CB,169
1999,Donald Broomfield,Donald,Broomfield,DT,302
1999,Cuncho Brown,Cuncho,Brown,TE,272
1999,Larry Brown,Larry,Brown,TE,278
1999,Na Brown,Na,Brown,WR,184
1999,Wilbert Brown,Wilbert,Brown,OG,311
1999,Fernando Bryant,Fernando,Bryant,CB,183
1999,Tony Bryant,Tony,Bryant,DE,273
1999,Shawn Bryson,Shawn,Bryson,FB,235
1999,Doug Brzezinski,Doug,Brzezinski,OG,309
1999,Brandon Bulsworth,Brandon,Bulsworth,OG,308
1999,Thomas Burke,Thomas,Burke,DE,264
1999,Siaha Burley,Siaha,Burley,WR,166
1999,Justin Burroughs,Justin,Burroughs,OC,288
1999,Dan Campbell,Dan,Campbell,TE,263
1999,Johndale Carty,Johndale,Carty,FS,192
1999,Anthony Cesario,Anthony,Cesario,OG,312
1999,Kenny Cheatham,Kenny,Cheatham,WR,211
1999,Ed Chester,Ed,Chester,DT,294
1999,Darrin Chiaverini,Darrin,Chiaverini,WR,212
1999,Chris Claiborne,Chris,Claiborne,ILB,248
1999,Desmond Clark,Desmond,Clark,TE,255
1999,Mike Cloud,Mike,Cloud,RB,200
1999,Rich Coady,Rich,Coady,SS,210
1999,Tony Coats,Tony,Coats,OG,312
1999,Antonio Cochran,Antonio,Cochran,DE,297
1999,Nikia Codie,Nikia,Codie,FS,207
1999,Willie Cohens,Willie,Cohens,DE,264
1999,Rod Coleman,Rod,Coleman,DE,262
1999,Alphonso Collins,Alphonso,Collins,TE,281
1999,Cecil Collins,Cecil,Collins,RB,209
1999,Dan Collins,Dan,Collins,OG,282
1999,Rosevelt Colvin,Rosevelt,Colvin,DE,256
1999,Kris Comstock,Kris,Comstock,OT,319
1999,Eddie Conti,Eddie,Conti,WR,173
1999,Mike Cook,Mike,Cook,QB,207
1999,Rashard Cook,Rashard,Cook,FS,197
1999,Jermaine Copeland,Jermaine,Copeland,WR,201
1999,Mondell Corbett,Mondell,Corbett,OG,313
1999,Tim Couch,Tim,Couch,QB,225
1999,Scott Covington,Scott,Covington,QB,219
1999,Jason Craft,Jason,Craft,CB,178
1999,Daunte Culpepper,Daunte,Culpepper,QB,255
1999,Chris Cummings,Chris,Cummings,CB,186
1999,DeMarcus Curry,DeMarcus,Curry,OT,317
1999,Kevin Daft,Kevin,Daft,QB,203
1999,Aaron Dalan,Aaron,Dalan,OT,328
1999,Antico Dalton,Antico,Dalton,OLB,242
1999,Tony DAmato,Tony,DAmato,ILB,240
1999,Robert Daniel,Robert,Daniel,DE,281
1999,Oscar Davenport,Oscar,Davenport,QB,199
1999,Russell Davis,Russell,Davis,DT,294
1999,Eric De Groh,Eric,De,OC,324
1999,James Dearth,James,Dearth,TE,273
1999,Autry Denson,Autry,Denson,RB,197
1999,Dan Dercher,Dan,Dercher,OT,293
1999,Jared DeVries,Jared,DeVries,DT,279
1999,Adrian Dingle,Adrian,Dingle,DE,290
1999,Antonio Dingle,Antonio,Dingle,DT,320
1999,Charles Dorsey,Charles,Dorsey,DT,283
1999,Dameane Douglas,Dameane,Douglas,WR,201
1999,Scott Dreisbach,Scott,Dreisbach,QB,216
1999,Kelvin Eafon,Kelvin,Eafon,FB,221
1999,Antuan Edwards,Antuan,Edwards,SS,210
1999,Brian Edwards,Brian,Edwards,FB,223
1999,Eric Edwards,Eric,Edwards,CB,180
1999,Troy Edwards,Troy,Edwards,WR,191
1999,Ebenezer Ekuban,Ebenezer,Ekuban,DE,281
1999,Justin Ernest,Justin,Ernest,DT,281
1999,Dan Falcon,Dan,Falcon,DT,274
1999,Kris Farris,Kris,Farris,OT,313
1999,John Fassel,John,Fassel,WR,189
1999,Kevin Faulk,Kevin,Faulk,RB,205
1999,Jermaine Fazande,Jermaine,Fazande,FB,268
1999,Jim Finn,Jim,Finn,FB,228
1999,Bryce Fisher,Bryce,Fisher,DE,283
1999,Charles Fisher,Charles,Fisher,CB,182
1999,Derrick Fletcher,Derrick,Fletcher,OT,374
1999,Jay Foreman,Jay,Foreman,ILB,241
1999,Shawn Foreman,Shawn,Foreman,WR,212
1999,Mitchell Freedman,Mitchell,Freedman,FS,217
1999,Rufus French,Rufus,French,TE,256
1999,Lennie Friedman,Lennie,Friedman,OG,301
1999,Todd Frohbieter,Todd,Frohbieter,OT,323
1999,Chris Gall,Chris,Gall,FB,229
1999,Jason Gamble,Jason,Gamble,OC,302
1999,Mark Garcia,Mark,Garcia,QB,220
1999,Barry Gardner,Barry,Gardner,ILB,242
1999,Kelvin Garmon,Kelvin,Garmon,OG,329
1999,Olandis Gary,Olandis,Gary,RB,216
1999,Tony George,Tony,George,SS,198
1999,Joe Germaine,Joe,Germaine,QB,211
1999,Aaron Gibson,Aaron,Gibson,OT,386
1999,Marquis Gibson,Marquis,Gibson,OLB,227
1999,Justin Glasgow,Justin,Glasgow,OG,328
1999,Phil Glover,Phil,Glover,OLB,239
1999,Matt Graham,Matt,Graham,SS,207
1999,Anthony Gray,Anthony,Gray,RB,228
1999,Cornell Green,Cornell,Green,OT,326
1999,Lamont Green,Lamont,Green,OLB,226
1999,Kelly Gregg,Kelly,Gregg,DT,302
1999,Chris Greisen,Chris,Greisen,QB,223
1999,Mike Grieb,Mike,Grieb,TE,248
1999,Damon Griffin,Damon,Griffin,WR,186
1999,Billy Gustin,Billy,Gustin,FS,192
1999,Ryan Hale,Ryan,Hale,DT,295
1999,Cory Hall,Cory,Hall,FS,202
1999,Darran Hall,Darran,Hall,WR,168
1999,Derrick Ham,Derrick,Ham,DE,257
1999,Donnie Hart,Donnie,Hart,WR,192
1999,Armon Hatcher,Armon,Hatcher,SS,215
1999,Steve Heiden,Steve,Heiden,TE,260
1999,Madre Hill,Madre,Hill,RB,199
1999,Jay Hinton,Jay,Hinton,RB,200
1999,Warrick Holdman,Warrick,Holdman,OLB,233
1999,Andre Holland,Andre,Holland,CB,181
1999,Gary Holmes,Gary,Holmes,DT,319
1999,Torry Holt,Torry,Holt,WR,192
1999,Kevin Homer,Kevin,Homer,ILB,241
1999,Chris Hood,Chris,Hood,DT,281
1999,Tyrone Hopson,Tyrone,Hopson,OG,319
1999,Terry Houzah,Terry,Houzah,ILB,238
1999,Bobbie Howard,Bobbie,Howard,ILB,232
1999,Brock Huard,Brock,Huard,QB,227
1999,Matt Hughes,Matt,Hughes,ILB,251
1999,Corey Hulsey,Corey,Hulsey,OG,367
1999,Jay Humphrey,Jay,Humphrey,OT,322
1999,John Humphrey,John,Humphrey,RB,195
1999,Cletidus Hunt,Cletidus,Hunt,DT,293
1999,Robert Hunt,Robert,Hunt,OG,291
1999,Sedrick Irvin,Sedrick,Irvin,RB,223
1999,Dexter Jackson,Dexter,Jackson,FS,196
1999,Lenzie Jackson,Lenzie,Jackson,WR,188
1999,Quincy Jackson,Quincy,Jackson,WR,187
1999,Sheldon Jackson,Sheldon,Jackson,TE,243
1999,Terry Jackson,Terry,Jackson,FB,222
1999,Edgerrin James,Edgerrin,James,RB,216
1999,Jon Jansen,Jon,Jansen,OT,305
1999,Love Jefferson,Love,Jefferson,TE,262
1999,MarTay Jenkins,MarTay,Jenkins,WR,203
1999,John Jennings,John,Jennings,TE,241
1999,Garrett Johnson,Garrett,Johnson,DT,286
1999,J.J. Johnson,J.J.,Johnson,RB,227
1999,Kevin Johnson,Kevin,Johnson,WR,194
1999,Olrick Johnson,Olrick,Johnson,ILB,246
1999,Paris Johnson,Paris,Johnson,SS,207
1999,Bryan Jones,Bryan,Jones,OLB,210
1999,Chris Jones,Chris,Jones,OLB,228
1999,Corby Jones,Corby,Jones,RB,223
1999,Daniel Jones,Daniel,Jones,WR,185
1999,Jermaine Jones,Jermaine,Jones,CB,180
1999,Willie Jones,Willie,Jones,OT,372
1999,Gana Joseph,Gana,Joseph,FS,212
1999,Sori Kanu,Sori,Kanu,FS,193
1999,Andy Katzenmoyer,Andy,Katzenmoyer,ILB,258
1999,Jevon Kearse,Jevon,Kearse,OLB,262
1999,Jeff Kelly,Jeff,Kelly,ILB,256
1999,Reggie Kelly,Reggie,Kelly,TE,254
1999,Chad Kelsay,Chad,Kelsay,OLB,254
1999,Patrick Kerney,Patrick,Kerney,DE,266
1999,Scott Kiernan,Scott,Kiernan,OG,307
1999,Jaime Kimbrough,Jaime,Kimbrough,RB,198
1999,Eric King,Eric,King,OG,290
1999,Lamar King,Lamar,King,DE,299
1999,Shaun King,Shaun,King,QB,221
1999,Jim Kleinsasser,Jim,Kleinsasser,TE,272
1999,Josh Kobdish,Josh,Kobdish,OT,301
1999,Steve Konopka,Steve,Konopka,DT,298
1999,Rob Konrad,Rob,Konrad,FB,251
1999,Brian Kuklick,Brian,Kuklick,QB,204
1999,Kevin Landolt,Kevin,Landolt,DT,298
1999,Dan Lauta,Dan,Lauta,OT,301
1999,Courtney Ledyard,Courtney,Ledyard,ILB,250
1999,Graham Leigh,Graham,Leigh,QB,212
1999,Emarlos Leroy,Emarlos,Leroy,DT,306
1999,Derek Lewis,Derek,Lewis,TE,250
1999,Marvin Love,Marvin,Love,CB,164
1999,David Loverne,David,Loverne,OG,292
1999,Mike Lucky,Mike,Lucky,TE,269
1999,John Lumpkin,John,Lumpkin,TE,274
1999,Jason Maas,Jason,Maas,QB,210
1999,Stacey Mack,Stacey,Mack,FB,236
1999,Joel Makovicka,Joel,Makovicka,FB,245
1999,Deshone Mallard,Deshone,Mallard,CB,186
1999,Cecil Martin,Cecil,Martin,FB,239
1999,Chris McAlister,Chris,McAlister,CB,205
1999,Jonathan McCall,Jonathan,McCall,DE,273
1999,Todd McClure,Todd,McClure,OC,298
1999,Kevin McCullar,Kevin,McCullar,OLB,245
1999,Daylon McCutcheon,Daylon,McCutcheon,CB,180
1999,Jeremy McDaniel,Jeremy,McDaniel,WR,197
1999,Darnell McDonald,Darnell,McDonald,WR,202
1999,Anthony McFarland,Anthony,McFarland,DT,299
1999,Wane McGarity,Wane,McGarity,WR,194
1999,Reggie McGrew,Reggie,McGrew,DT,307
1999,Travis McGriff,Travis,McGriff,WR,185
1999,Mike McKenzie,Mike,McKenzie,FS,191
1999,C.J. McLain,C.J.,McLain,OLB,243
1999,John McLaughlin,John,McLaughlin,OLB,247
1999,Donovan McNabb,Donovan,McNabb,QB,223
1999,Cade McNown,Cade,McNown,QB,213
1999,Rondel Menendez,Rondel,Menendez,WR,178
1999,Arnold Miller,Arnold,Miller,DE,240
1999,Billy Miller,Billy,Miller,WR,215
1999,Dee Miller,Dee,Miller,WR,199
1999,Jason Mills,Jason,Mills,OG,315
1999,Kory Minor,Kory,Minor,OLB,244
1999,Paul Miranda,Paul,Miranda,CB,180
1999,Donald Mitchell,Donald,Mitchell,CB,187
1999,Kenny Mitchell,Kenny,Mitchell,WR,217
1999,Tywan Mitchell,Tywan,Mitchell,WR,223
1999,Joe Montgomery,Joe,Montgomery,RB,227
1999,Damon Moore,Damon,Moore,SS,209
1999,Ulysses Moore,Ulysses,Moore,OG,313
1999,Jeremy Morgan,Jeremy,Morgan,OG,296
1999,Dee Moronkola,Dee,Moronkola,CB,204
1999,Edwin Mulitalo,Edwin,Mulitalo,OT,328
1999,Joe Nastasi,Joe,Nastasi,WR,197
1999,Hannibal Navies,Hannibal,Navies,OLB,239
1999,Gerald Neasman,Gerald,Neasman,CB,186
1999,Jamar Nesbit,Jamar,Nesbit,OC,336
1999,Mike Newell,Mike,Newell,OC,292
1999,Robert Newkirk,Robert,Newkirk,DT,298
1999,Keith Newman,Keith,Newman,ILB,239
1999,Dat Nguyen,Dat,Nguyen,ILB,234
1999,Ben Nichols,Ben,Nichols,OG,307
1999,Rick Nord,Rick,Nord,OG,306
1999,Jeremy Offutt,Jeremy,Offutt,OC,310
1999,Kendell Ogle,Kendell,Ogle,OLB,235
1999,Chike Okeafor,Chike,Okeafor,OLB,254
1999,Patterson Owens,Patterson,Owens,DE,273
1999,Craig Page,Craig,Page,OC,295
1999,Solomon Page,Solomon,Page,OT,306
1999,Anthony Parker,Anthony,Parker,CB,197
1999,DeMond Parker,DeMond,Parker,RB,189
1999,Larry Parker,Larry,Parker,WR,200
1999,Sirr Parker,Sirr,Parker,RB,190
1999,Jeff Paulk,Jeff,Paulk,FB,242
1999,Chad Pegues,Chad,Pegues,DT,289
1999,Jason Perry,Jason,Perry,FS,200
1999,Mike Peterson,Mike,Peterson,OLB,233
1999,Luke Petitgout,Luke,Petitgout,OT,315
1999,Zach Piller,Zach,Piller,OT,331
1999,Chad Plummer,Chad,Plummer,WR,233
1999,Joey Porter,Joey,Porter,OLB,241
1999,Ronnie Powell,Ronnie,Powell,RB,174
1999,Peerless Price,Peerless,Price,WR,180
1999,Mike Pringley,Mike,Pringley,DE,268
1999,Pierson Prioleau,Pierson,Prioleau,FS,191
1999,Brian Pukenas,Brian,Pukenas,OG,303
1999,Ian Rafferty,Ian,Rafferty,OT,296
1999,Wali Rainer,Wali,Rainer,ILB,241
1999,Marcus Ray,Marcus,Ray,SS,206
1999,Jarvis Reado,Jarvis,Reado,OT,328
1999,Montae Reagor,Montae,Reagor,DE,263
1999,Jacoby Rhinehart,Jacoby,Rhinehart,CB,187
1999,Cleve Roberts,Cleve,Roberts,OT,290
1999,Brian Rogers,Brian,Rogers,ILB,239
1999,Derek Rose,Derek,Rose,OC,283
1999,Marek Rubin,Marek,Rubin,OT,310
1999,Mike Rucker,Mike,Rucker,DE,260
1999,Grey Ruegamer,Grey,Ruegamer,OC,315
1999,Orlando Ruff,Orlando,Ruff,ILB,248
1999,Johnny Rutledge,Johnny,Rutledge,ILB,245
1999,Khari Samuel,Khari,Samuel,ILB,242
1999,David Saunders,David,Saunders,WR,203
1999,Talance Sawyer,Talance,Sawyer,DE,268
1999,Tom Schau,Tom,Schau,OC,302
1999,Brad Scioli,Brad,Scioli,DE,277
1999,Yusef Scott,Yusef,Scott,OG,324
1999,Thomas Seih,Thomas,Seih,RB,212
1999,Brian Shay,Brian,Shay,RB,213
1999,L.J. Shelton,L.J.,Shelton,OT,341
1999,Scott Shields,Scott,Shields,SS,228
1999,Bobby Singh,Bobby,Singh,OG,316
1999,Andre Slappey,Andre,Slappey,DT,302
1999,Tony Small,Tony,Small,WR,220
1999,Aaron Smith,Aaron,Smith,DE,279
1999,Akili Smith,Akili,Smith,QB,227
1999,Brian Smith,Brian,Smith,OLB,252
1999,Devon Smith,Devon,Smith,TE,244
1999,Jeff Smith,Jeff,Smith,OC,286
1999,Larry Smith,Larry,Smith,DT,288
1999,Marquis Smith,Marquis,Smith,SS,218
1999,Troy Smith,Troy,Smith,WR,194
1999,Brandon Southward,Brandon,Southward,ILB,242
1999,Creig Spann,Creig,Spann,WR,191
1999,Cameron Spikes,Cameron,Spikes,OG,314
1999,Derrick Spiller,Derrick,Spiller,TE,241
1999,Donnie Spragan,Donnie,Spragan,OLB,236
1999,Marcus Spriggs,Marcus,Spriggs,DT,297
1999,Mike Stanec,Mike,Stanec,ILB,241
1999,Aaron Stecker,Aaron,Stecker,RB,210
1999,LC Stevens,LC,Stevens,WR,215
1999,Derik Stevenson,Derik,Stevenson,OLB,235
1999,Gary Stills,Gary,Stills,OLB,238
1999,Matt Stinchcomb,Matt,Stinchcomb,OT,306
1999,Brandon Stokley,Brandon,Stokley,WR,197
1999,Tai Streets,Tai,Streets,WR,194
1999,Justin Swift,Justin,Swift,TE,258
1999,Sam Sword,Sam,Sword,ILB,242
1999,John Tait,John,Tait,OT,310
1999,Pene Talamaivao,Pene,Talamaivao,DT,301
1999,Ty Talton,Ty,Talton,CB,202
1999,Jesse Tarplin,Jesse,Tarplin,DE,251
1999,Chris Terry,Chris,Terry,OT,291
1999,Corey Terry,Corey,Terry,DE,254
1999,Myron Terry,Myron,Terry,FS,203
1999,Eric Thigpen,Eric,Thigpen,FS,198
1999,Randy Thomas,Randy,Thomas,OG,306
1999,Derrius Thompson,Derrius,Thompson,WR,211
1999,Ricky Thompson,Ricky,Thompson,FS,181
1999,John Thornton,John,Thornton,DT,299
1999,Rex Tucker,Rex,Tucker,OT,303
1999,Jerame Tuman,Jerame,Tuman,TE,248
1999,Brian Uhl,Brian,Uhl,OC,294
1999,Dimitrius Underwood,Dimitrius,Underwood,DE,281
1999,Michael Vaughn,Michael,Vaughn,WR,212
1999,Fred Vinson,Fred,Vinson,CB,177
1999,Brad Ware,Brad,Ware,FS,207
1999,Damon Washington,Damon,Washington,RB,200
1999,Marcus Washington,Marcus,Washington,FS,219
1999,Brian Waters,Brian,Waters,TE,281
1999,Chris Watson,Chris,Watson,CB,191
1999,Andre Weathers,Andre,Weathers,CB,189
1999,Alton Weaver,Alton,Weaver,DE,296
1999,Jed Weaver,Jed,Weaver,TE,246
1999,Floyd Wedderburn,Floyd,Wedderburn,OT,334
1999,John Welbourn,John,Welbourn,OT,317
1999,Joe Wesley,Joe,Wesley,ILB,229
1999,Devin West,Devin,West,RB,229
1999,Chris White,Chris,White,DT,282
1999,Ted White,Ted,White,QB,226
1999,Aaron Williams,Aaron,Williams,DE,253
1999,Clarence Williams,Clarence,Williams,RB,202
1999,Gerald Williams,Gerald,Williams,WR,207
1999,Parc Williams,Parc,Williams,OLB,239
1999,Ricky Williams,Ricky,Williams,RB,244
1999,Al Wilson,Al,Wilson,ILB,239
1999,Jason Wiltz,Jason,Wiltz,DT,308
1999,Antoine Winfield,Antoine,Winfield,CB,176
1999,Brad Winn,Brad,Winn,OG,339
1999,Jerry Wisne,Jerry,Wisne,OG,306
1999,Joe Wong,Joe,Wong,OT,314
1999,Damien Woody,Damien,Woody,OC,328
1999,Mark Word,Mark,Word,OLB,258
1999,Anthony Wright,Anthony,Wright,QB,195
1999,Daren Yancey,Daren,Yancey,DT,303
1999,Craig Yeast,Craig,Yeast,WR,164
1999,Ryan Young,Ryan,Young,OT,335
1999,Peppi Zellner,Peppi,Zellner,DE,246
1999,Amos Zereoue,Amos,Zereoue,RB,203
